{
  "$schema": "https://schema.management.azure.com/schemas/0.1.2-preview/CreateUIDefinition.MultiVm.json",
  "handler": "Microsoft.Azure.CreateUIDef",
  "version": "0.1.2-preview",
  "parameters": {
    "basics": [{
    }],
    "steps": [{
      "name": "infrastructureSettings",
      "label": "Infrastructure Settings",
      "subLabel": {
        "preValidation": "Configure Infrastructure Settings",
        "postValidation": "Done"
      },
      "bladeTitle": "Horizon Cloud on Azure Prerequisites",
      "elements": [{
        "name": "virtualNetwork",
        "type": "Microsoft.Network.VirtualNetworkCombo",
        "label": {
          "virtualNetwork": "Virtual network - Create management, primary, and DMZ on the same VNet",
          "subnets": "Subnets"
        },
        "defaultValue": {
          "name": "vnet01",
          "addressPrefixSize": "/16"
        },
        "toolTip": {
          "virtualNetwork": "",
          "subnets": ""
        },
        "constraints": {
          "minAddressPrefixSize": "/16"
        },
        "options": {
          "hideExisting": true
        },
        "subnets": {
          "managementSubnet": {
            "label": "Create management subnet - This /27 subnet is for IP addresses needed by the management pod",
            "defaultValue": {
              "name": "managementSubnet",
              "addressPrefixSize": "/27"
         },
         "toolTip": {
          "virtualNetwork": "",
          "subnets": ""
         },
            "constraints": {
              "minAddressPrefixSize": "/27",
              "minAddressCount": 12,
              "requireContiguousAddresses": true
            }
          },
          "desktopSubnet": {
            "label": "Create primary subnet - This /27 or more subnet is for the desktops or RDSH/multisession servers along with pod manager and Unified Access Gateways on the same VNet.",
            "defaultValue": {
              "name": "desktopSubnet",
              "addressPrefixSize": "/27"
            },
           "toolTip": {
            "virtualNetwork": "For production environments, a CIDR of /24 to /21 is recommended (256 addresses to 2048 addresses)",
            "subnets": ""
            },
            "constraints": {
              "minAddressPrefixSize": "/27",
              "minAddressCount": 8,
              "requireContiguousAddresses": true
            }
         },
          "dmzSubnet": {
            "label": "Create front-end DMZ subnet - This /28 or more subnet is for the Unified Access Gateway to communicate with the external gateway's load balancer.",
            "defaultValue": {
              "name": "DMZSubnet",
              "addressPrefixSize": "/28"
            },
            "toolTip": {
            "virtualNetwork": "",
            "subnets": ""
            },
            "constraints": {
              "minAddressPrefixSize": "/28",
              "minAddressCount": 8,
              "requireContiguousAddresses": true
            }
          }
        },
        "visible": true
        }]
    }],
    "outputs": {
      "virtualNetwork": "[steps('infrastructureSettings').virtualNetwork.name]",
      "virtualAddress": "[steps('infrastructureSettings').virtualNetwork.addressPrefix]",
      "managementSubnet": "[steps('infrastructureSettings').virtualNetwork.subnets.managementSubnet.name]",
      "managementAddress": "[steps('infrastructureSettings').virtualNetwork.subnets.managementSubnet.addressPrefix]",
      "desktopSubnet": "[steps('infrastructureSettings').virtualNetwork.subnets.desktopSubnet.name]",
      "desktopAddress": "[steps('infrastructureSettings').virtualNetwork.subnets.desktopSubnet.addressPrefix]",
      "dmzSubnet": "[steps('infrastructureSettings').virtualNetwork.subnets.dmzSubnet.name]",  
      "dmzAddress": "[steps('infrastructureSettings').virtualNetwork.subnets.dmzSubnet.addressPrefix]"  
    }
  }
}
